,math_scores,chemistry_scores,information_technology_scores,physics_scores,total_score,average_score
count,15.0,15.0,15.0,15.0,15.0,15.0
mean,71.8,67.8,70.06666666666666,73.46666666666667,283.1333333333333,70.78333333333333
std,25.532052684531934,27.316138610195782,27.048809497611817,23.49427488519176,50.83989809288801,12.709974523222003
min,18.0,13.0,16.0,25.0,190.0,47.5
25%,57.5,51.0,48.0,55.0,260.0,65.0
50%,78.0,72.0,75.0,86.0,282.0,70.5
75%,92.5,87.5,93.0,89.0,314.5,78.625
max,100.0,100.0,100.0,100.0,363.0,90.75
